race_id,枠番,馬番,単勝ｵｯｽﾞ,人気,馬齢,斤量,距離,頭数,馬名,odds,prob,exp_roi
202530052201,5,6,233.6,11.0,3,57,1000,12,ロイヤルウルフ,233.6,0.011781487659089956,2.7521555171634136
202530052203,8,11,20.8,12.0,2,55,1100,12,ケツァールアズール,20.8,0.05874114372949549,1.2218157895735062
202548052201,8,11,32.6,10.0,4,55,920,12,ネムレスクイーン,32.6,0.06592316937162668,2.1490953215150297
202548052210,8,11,18.9,9.0,3,57,1500,12,ポメラニアンゴッド,18.9,0.056489708171270164,1.067655484437006
202550052203,2,2,114.3,10.0,4,57,1400,11,デュランヴェリテ,114.3,0.00957469924309648,1.0943881234859276
202550052208,1,1,291.0,10.0,7,56,1400,10,コパノジャンピング,291.0,0.0035776668612996685,1.0411010566382035
202550052209,7,8,13.9,6.0,7,58,820,10,メイストーム,13.9,0.07578812249120057,1.0534549026276878
